Freq (MHz) \ Target dBm,-20.0 dBm,-15.0 dBm,-10.0 dBm,-5.0 dBm,0.0 dBm,5.0 dBm,10.0 dBm,15.0 dBm,20.0 dBm,25.0 dBm,30.0 dBm
900.00,0.0,0.0,0.0,0.0,0.0,22.734387082358214,49.07431555309693,59.27678918711287,69.37767427903769,79.47855937096251,89.57944446288734
910.00,0.0,0.0,0.0,0.0,0.0,21.11434421185789,51.51372797287212,55.879897262501686,60.24606655213126,64.61223584176084,68.9784051313904
920.00,0.0,0.0,0.0,0.0,11.140605275513195,32.6373540700817,52.06252042751948,62.78733424218588,73.51214805685228,84.23696187151867,90.0
