{
    "matrix": {
        "900000000.0": {
            "30.0": 5.421282020864268,
            "40.0": 6.001112003055233,
            "50.0": 10.407932521413784,
            "60.0": 15.357993782874189
        },
        "910000000.0": {
            "30.0": 6.004831881519394,
            "40.0": 5.3012665679902256,
            "50.0": 8.266526247084037,
            "60.0": 19.718212309454294
        },
        "920000000.0": {
            "30.0": 4.386569081844584,
            "40.0": 4.139716928853524,
            "50.0": 9.038435322439376,
            "60.0": 13.700520917960297
        }
    },
    "p_range": [
        -20.0,
        30.0,
        5.0
    ]
}