{
    "matrix": {
        "900000000.0": {
            "30.0": 44.80418327756445,
            "40.0": 44.25567847609072,
            "50.0": 49.81696655655169,
            "60.0": 63.811511326086006
        },
        "950000000.0": {
            "30.0": 43.6814246758252,
            "40.0": 48.56500823567139,
            "50.0": 61.755980891916145,
            "60.0": 71.70143539782921
        },
        "1000000000.0": {
            "30.0": 46.363379572814665,
            "40.0": 53.55046850302035,
            "50.0": 62.37019777197426,
            "60.0": 72.24568749601642
        }
    },
    "offsets": {}
}